roster_id,player_id,season_id,team_id
1,1,1,1
2,2,1,1
3,3,1,1
4,4,1,1
5,5,1,1
6,6,1,1
7,7,1,1
8,8,1,1
9,9,1,1
10,10,1,1
11,11,1,1
12,12,1,1
13,13,1,1
14,14,1,1
15,15,1,1
16,16,1,1
17,17,1,1
18,18,1,1
19,19,1,1
20,20,1,1
21,21,1,2
22,22,1,2
23,23,1,2
24,24,1,2
25,25,1,2
26,26,1,2
27,27,1,2
28,28,1,2
29,29,1,2
30,30,1,2
31,31,1,2
32,32,1,2
33,33,1,2
34,34,1,2
35,35,1,2
36,36,1,2
37,37,1,2
38,38,1,2
39,39,1,2
40,40,1,2
41,41,1,3
42,42,1,3
43,43,1,3
44,44,1,3
45,45,1,3
46,46,1,3
47,47,1,3
48,48,1,3
49,49,1,3
50,50,1,3
51,51,1,3
52,52,1,3
53,53,1,3
54,54,1,3
55,55,1,3
56,56,1,3
57,57,1,3
58,58,1,3
59,59,1,3
60,60,1,3
61,61,1,4
62,62,1,4
63,63,1,4
64,64,1,4
65,65,1,4
66,66,1,4
67,67,1,4
68,68,1,4
69,69,1,4
70,70,1,4
71,71,1,4
72,72,1,4
73,73,1,4
74,74,1,4
75,75,1,4
76,76,1,4
77,77,1,4
78,78,1,4
79,79,1,4
80,80,1,4
81,81,1,5
82,82,1,5
83,83,1,5
84,84,1,5
85,85,1,5
86,86,1,5
87,87,1,5
88,88,1,5
89,89,1,5
90,90,1,5
91,91,1,5
92,92,1,5
93,93,1,5
94,94,1,5
95,95,1,5
96,96,1,5
97,97,1,5
98,98,1,5
99,99,1,5
100,100,1,5
101,101,1,6
102,102,1,6
103,103,1,6
104,104,1,6
105,105,1,6
106,106,1,6
107,107,1,6
108,108,1,6
109,109,1,6
110,110,1,6
111,111,1,6
112,112,1,6
113,113,1,6
114,114,1,6
115,115,1,6
116,116,1,6
117,117,1,6
118,118,1,6
119,119,1,6
120,120,1,6
121,121,1,7
122,122,1,7
123,123,1,7
124,124,1,7
125,125,1,7
126,126,1,7
127,127,1,7
128,128,1,7
129,129,1,7
130,130,1,7
131,131,1,7
132,132,1,7
133,133,1,7
134,134,1,7
135,135,1,7
136,136,1,7
137,137,1,7
138,138,1,7
139,139,1,7
140,140,1,7
141,141,1,8
142,142,1,8
143,143,1,8
144,144,1,8
145,145,1,8
146,146,1,8
147,147,1,8
148,148,1,8
149,149,1,8
150,150,1,8
151,151,1,8
152,152,1,8
153,153,1,8
154,154,1,8
155,155,1,8
156,156,1,8
157,157,1,8
158,158,1,8
159,159,1,8
160,160,1,8
161,161,1,9
162,162,1,9
163,163,1,9
164,164,1,9
165,165,1,9
166,166,1,9
167,167,1,9
168,168,1,9
169,169,1,9
170,170,1,9
171,171,1,9
172,172,1,9
173,173,1,9
174,174,1,9
175,175,1,9
176,176,1,9
177,177,1,9
178,178,1,9
179,179,1,9
180,180,1,9
181,181,1,10
182,182,1,10
183,183,1,10
184,184,1,10
185,185,1,10
186,186,1,10
187,187,1,10
188,188,1,10
189,189,1,10
190,190,1,10
191,191,1,10
192,192,1,10
193,193,1,10
194,194,1,10
195,195,1,10
196,196,1,10
197,197,1,10
198,198,1,10
199,199,1,10
200,200,1,10
201,201,1,11
202,202,1,11
203,203,1,11
204,204,1,11
205,205,1,11
206,206,1,11
207,207,1,11
208,208,1,11
209,209,1,11
210,210,1,11
211,211,1,11
212,212,1,11
213,213,1,11
214,214,1,11
215,215,1,11
216,216,1,11
217,217,1,11
218,218,1,11
219,219,1,11
220,220,1,11
221,221,1,12
222,222,1,12
223,223,1,12
224,224,1,12
225,225,1,12
226,226,1,12
227,227,1,12
228,228,1,12
229,229,1,12
230,230,1,12
231,231,1,12
232,232,1,12
233,233,1,12
234,234,1,12
235,235,1,12
236,236,1,12
237,237,1,12
238,238,1,12
239,239,1,12
240,240,1,12
241,241,1,13
242,242,1,13
243,243,1,13
244,244,1,13
245,245,1,13
246,246,1,13
247,247,1,13
248,248,1,13
249,249,1,13
250,250,1,13
251,251,1,13
252,252,1,13
253,253,1,13
254,254,1,13
255,255,1,13
256,256,1,13
257,257,1,13
258,258,1,13
259,259,1,13
260,260,1,13
261,261,1,14
262,262,1,14
263,263,1,14
264,264,1,14
265,265,1,14
266,266,1,14
267,267,1,14
268,268,1,14
269,269,1,14
270,270,1,14
271,271,1,14
272,272,1,14
273,273,1,14
274,274,1,14
275,275,1,14
276,276,1,14
277,277,1,14
278,278,1,14
279,279,1,14
280,280,1,14
281,281,1,15
282,282,1,15
283,283,1,15
284,284,1,15
285,285,1,15
286,286,1,15
287,287,1,15
288,288,1,15
289,289,1,15
290,290,1,15
291,291,1,15
292,292,1,15
293,293,1,15
294,294,1,15
295,295,1,15
296,296,1,15
297,297,1,15
298,298,1,15
299,299,1,15
300,300,1,15
301,301,1,16
302,302,1,16
303,303,1,16
304,304,1,16
305,305,1,16
306,306,1,16
307,307,1,16
308,308,1,16
309,309,1,16
310,310,1,16
311,311,1,16
312,312,1,16
313,313,1,16
314,314,1,16
315,315,1,16
316,316,1,16
317,317,1,16
318,318,1,16
319,319,1,16
320,320,1,16
321,321,1,17
322,322,1,17
323,323,1,17
324,324,1,17
325,325,1,17
326,326,1,17
327,327,1,17
328,328,1,17
329,329,1,17
330,330,1,17
331,331,1,17
332,332,1,17
333,333,1,17
334,334,1,17
335,335,1,17
336,336,1,17
337,337,1,17
338,338,1,17
339,339,1,17
340,340,1,17
341,341,1,18
342,342,1,18
343,343,1,18
344,344,1,18
345,345,1,18
346,346,1,18
347,347,1,18
348,348,1,18
349,349,1,18
350,350,1,18
351,351,1,18
352,352,1,18
353,353,1,18
354,354,1,18
355,355,1,18
356,356,1,18
357,357,1,18
358,358,1,18
359,359,1,18
360,360,1,18
361,361,1,19
362,362,1,19
363,363,1,19
364,364,1,19
365,365,1,19
366,366,1,19
367,367,1,19
368,368,1,19
369,369,1,19
370,370,1,19
371,371,1,19
372,372,1,19
373,373,1,19
374,374,1,19
375,375,1,19
376,376,1,19
377,377,1,19
378,378,1,19
379,379,1,19
380,380,1,19
381,381,1,20
382,382,1,20
383,383,1,20
384,384,1,20
385,385,1,20
386,386,1,20
387,387,1,20
388,388,1,20
389,389,1,20
390,390,1,20
391,391,1,20
392,392,1,20
393,393,1,20
394,394,1,20
395,395,1,20
396,396,1,20
397,397,1,20
398,398,1,20
399,399,1,20
400,400,1,20
401,401,1,21
402,402,1,21
403,403,1,21
404,404,1,21
405,405,1,21
406,406,1,21
407,407,1,21
408,408,1,21
409,409,1,21
410,410,1,21
411,411,1,21
412,412,1,21
413,413,1,21
414,414,1,21
415,415,1,21
416,416,1,21
417,417,1,21
418,418,1,21
419,419,1,21
420,420,1,21
421,421,1,22
422,422,1,22
423,423,1,22
424,424,1,22
425,425,1,22
426,426,1,22
427,427,1,22
428,428,1,22
429,429,1,22
430,430,1,22
431,431,1,22
432,432,1,22
433,433,1,22
434,434,1,22
435,435,1,22
436,436,1,22
437,437,1,22
438,438,1,22
439,439,1,22
440,440,1,22
441,441,1,23
442,442,1,23
443,443,1,23
444,444,1,23
445,445,1,23
446,446,1,23
447,447,1,23
448,448,1,23
449,449,1,23
450,450,1,23
451,451,1,23
452,452,1,23
453,453,1,23
454,454,1,23
455,455,1,23
456,456,1,23
457,457,1,23
458,458,1,23
459,459,1,23
460,460,1,23
461,461,1,24
462,462,1,24
463,463,1,24
464,464,1,24
465,465,1,24
466,466,1,24
467,467,1,24
468,468,1,24
469,469,1,24
470,470,1,24
471,471,1,24
472,472,1,24
473,473,1,24
474,474,1,24
475,475,1,24
476,476,1,24
477,477,1,24
478,478,1,24
479,479,1,24
480,480,1,24
481,481,1,25
482,482,1,25
483,483,1,25
484,484,1,25
485,485,1,25
486,486,1,25
487,487,1,25
488,488,1,25
489,489,1,25
490,490,1,25
491,491,1,25
492,492,1,25
493,493,1,25
494,494,1,25
495,495,1,25
496,496,1,25
497,497,1,25
498,498,1,25
499,499,1,25
500,500,1,25
501,501,1,26
502,502,1,26
503,503,1,26
504,504,1,26
505,505,1,26
506,506,1,26
507,507,1,26
508,508,1,26
509,509,1,26
510,510,1,26
511,511,1,26
512,512,1,26
513,513,1,26
514,514,1,26
515,515,1,26
516,516,1,26
517,517,1,26
518,518,1,26
519,519,1,26
520,520,1,26
521,521,1,27
522,522,1,27
523,523,1,27
524,524,1,27
525,525,1,27
526,526,1,27
527,527,1,27
528,528,1,27
529,529,1,27
530,530,1,27
531,531,1,27
532,532,1,27
533,533,1,27
534,534,1,27
535,535,1,27
536,536,1,27
537,537,1,27
538,538,1,27
539,539,1,27
540,540,1,27
541,541,1,28
542,542,1,28
543,543,1,28
544,544,1,28
545,545,1,28
546,546,1,28
547,547,1,28
548,548,1,28
549,549,1,28
550,550,1,28
551,551,1,28
552,552,1,28
553,553,1,28
554,554,1,28
555,555,1,28
556,556,1,28
557,557,1,28
558,558,1,28
559,559,1,28
560,560,1,28
561,561,1,29
562,562,1,29
563,563,1,29
564,564,1,29
565,565,1,29
566,566,1,29
567,567,1,29
568,568,1,29
569,569,1,29
570,570,1,29
571,571,1,29
572,572,1,29
573,573,1,29
574,574,1,29
575,575,1,29
576,576,1,29
577,577,1,29
578,578,1,29
579,579,1,29
580,580,1,29
581,581,1,30
582,582,1,30
583,583,1,30
584,584,1,30
585,585,1,30
586,586,1,30
587,587,1,30
588,588,1,30
589,589,1,30
590,590,1,30
591,591,1,30
592,592,1,30
593,593,1,30
594,594,1,30
595,595,1,30
596,596,1,30
597,597,1,30
598,598,1,30
599,599,1,30
600,600,1,30
601,601,1,31
602,602,1,31
603,603,1,31
604,604,1,31
605,605,1,31
606,606,1,31
607,607,1,31
608,608,1,31
609,609,1,31
610,610,1,31
611,611,1,31
612,612,1,31
613,613,1,31
614,614,1,31
615,615,1,31
616,616,1,31
617,617,1,31
618,618,1,31
619,619,1,31
620,620,1,31
621,621,1,32
622,622,1,32
623,623,1,32
624,624,1,32
625,625,1,32
626,626,1,32
627,627,1,32
628,628,1,32
629,629,1,32
630,630,1,32
631,631,1,32
632,632,1,32
633,633,1,32
634,634,1,32
635,635,1,32
636,636,1,32
637,637,1,32
638,638,1,32
639,639,1,32
640,640,1,32
641,641,1,33
642,642,1,33
643,643,1,33
644,644,1,33
645,645,1,33
646,646,1,33
647,647,1,33
648,648,1,33
649,649,1,33
650,650,1,33
651,651,1,33
652,652,1,33
653,653,1,33
654,654,1,33
655,655,1,33
656,656,1,33
657,657,1,33
658,658,1,33
659,659,1,33
660,660,1,33
661,661,1,34
662,662,1,34
663,663,1,34
664,664,1,34
665,665,1,34
666,666,1,34
667,667,1,34
668,668,1,34
669,669,1,34
670,670,1,34
671,671,1,34
672,672,1,34
673,673,1,34
674,674,1,34
675,675,1,34
676,676,1,34
677,677,1,34
678,678,1,34
679,679,1,34
680,680,1,34
681,681,1,35
682,682,1,35
683,683,1,35
684,684,1,35
685,685,1,35
686,686,1,35
687,687,1,35
688,688,1,35
689,689,1,35
690,690,1,35
691,691,1,35
692,692,1,35
693,693,1,35
694,694,1,35
695,695,1,35
696,696,1,35
697,697,1,35
698,698,1,35
699,699,1,35
700,700,1,35
701,701,1,36
702,702,1,36
703,703,1,36
704,704,1,36
705,705,1,36
706,706,1,36
707,707,1,36
708,708,1,36
709,709,1,36
710,710,1,36
711,711,1,36
712,712,1,36
713,713,1,36
714,714,1,36
715,715,1,36
716,716,1,36
717,717,1,36
718,718,1,36
719,719,1,36
720,720,1,36
721,721,1,37
722,722,1,37
723,723,1,37
724,724,1,37
725,725,1,37
726,726,1,37
727,727,1,37
728,728,1,37
729,729,1,37
730,730,1,37
731,731,1,37
732,732,1,37
733,733,1,37
734,734,1,37
735,735,1,37
736,736,1,37
737,737,1,37
738,738,1,37
739,739,1,37
740,740,1,37
741,741,1,38
742,742,1,38
743,743,1,38
744,744,1,38
745,745,1,38
746,746,1,38
747,747,1,38
748,748,1,38
749,749,1,38
750,750,1,38
751,751,1,38
752,752,1,38
753,753,1,38
754,754,1,38
755,755,1,38
756,756,1,38
757,757,1,38
758,758,1,38
759,759,1,38
760,760,1,38
761,761,1,39
762,762,1,39
763,763,1,39
764,764,1,39
765,765,1,39
766,766,1,39
767,767,1,39
768,768,1,39
769,769,1,39
770,770,1,39
771,771,1,39
772,772,1,39
773,773,1,39
774,774,1,39
775,775,1,39
776,776,1,39
777,777,1,39
778,778,1,39
779,779,1,39
780,780,1,39
781,781,1,40
782,782,1,40
783,783,1,40
784,784,1,40
785,785,1,40
786,786,1,40
787,787,1,40
788,788,1,40
789,789,1,40
790,790,1,40
791,791,1,40
792,792,1,40
793,793,1,40
794,794,1,40
795,795,1,40
796,796,1,40
797,797,1,40
798,798,1,40
799,799,1,40
800,800,1,40
801,801,1,41
802,802,1,41
803,803,1,41
804,804,1,41
805,805,1,41
806,806,1,41
807,807,1,41
808,808,1,41
809,809,1,41
810,810,1,41
811,811,1,41
812,812,1,41
813,813,1,41
814,814,1,41
815,815,1,41
816,816,1,41
817,817,1,41
818,818,1,41
819,819,1,41
820,820,1,41
821,821,1,42
822,822,1,42
823,823,1,42
824,824,1,42
825,825,1,42
826,826,1,42
827,827,1,42
828,828,1,42
829,829,1,42
830,830,1,42
831,831,1,42
832,832,1,42
833,833,1,42
834,834,1,42
835,835,1,42
836,836,1,42
837,837,1,42
838,838,1,42
839,839,1,42
840,840,1,42
841,841,1,43
842,842,1,43
843,843,1,43
844,844,1,43
845,845,1,43
846,846,1,43
847,847,1,43
848,848,1,43
849,849,1,43
850,850,1,43
851,851,1,43
852,852,1,43
853,853,1,43
854,854,1,43
855,855,1,43
856,856,1,43
857,857,1,43
858,858,1,43
859,859,1,43
860,860,1,43
861,861,1,44
862,862,1,44
863,863,1,44
864,864,1,44
865,865,1,44
866,866,1,44
867,867,1,44
868,868,1,44
869,869,1,44
870,870,1,44
871,871,1,44
872,872,1,44
873,873,1,44
874,874,1,44
875,875,1,44
876,876,1,44
877,877,1,44
878,878,1,44
879,879,1,44
880,880,1,44
881,881,1,45
882,882,1,45
883,883,1,45
884,884,1,45
885,885,1,45
886,886,1,45
887,887,1,45
888,888,1,45
889,889,1,45
890,890,1,45
891,891,1,45
892,892,1,45
893,893,1,45
894,894,1,45
895,895,1,45
896,896,1,45
897,897,1,45
898,898,1,45
899,899,1,45
900,900,1,45
901,901,1,46
902,902,1,46
903,903,1,46
904,904,1,46
905,905,1,46
906,906,1,46
907,907,1,46
908,908,1,46
909,909,1,46
910,910,1,46
911,911,1,46
912,912,1,46
913,913,1,46
914,914,1,46
915,915,1,46
916,916,1,46
917,917,1,46
918,918,1,46
919,919,1,46
920,920,1,46
921,921,1,47
922,922,1,47
923,923,1,47
924,924,1,47
925,925,1,47
926,926,1,47
927,927,1,47
928,928,1,47
929,929,1,47
930,930,1,47
931,931,1,47
932,932,1,47
933,933,1,47
934,934,1,47
935,935,1,47
936,936,1,47
937,937,1,47
938,938,1,47
939,939,1,47
940,940,1,47
941,941,1,48
942,942,1,48
943,943,1,48
944,944,1,48
945,945,1,48
946,946,1,48
947,947,1,48
948,948,1,48
949,949,1,48
950,950,1,48
951,951,1,48
952,952,1,48
953,953,1,48
954,954,1,48
955,955,1,48
956,956,1,48
957,957,1,48
958,958,1,48
959,959,1,48
960,960,1,48
961,961,1,49
962,962,1,49
963,963,1,49
964,964,1,49
965,965,1,49
966,966,1,49
967,967,1,49
968,968,1,49
969,969,1,49
970,970,1,49
971,971,1,49
972,972,1,49
973,973,1,49
974,974,1,49
975,975,1,49
976,976,1,49
977,977,1,49
978,978,1,49
979,979,1,49
980,980,1,49
981,981,1,50
982,982,1,50
983,983,1,50
984,984,1,50
985,985,1,50
986,986,1,50
987,987,1,50
988,988,1,50
989,989,1,50
990,990,1,50
991,991,1,50
992,992,1,50
993,993,1,50
994,994,1,50
995,995,1,50
996,996,1,50
997,997,1,50
998,998,1,50
999,999,1,50
1000,1000,1,50
1001,1001,1,51
1002,1002,1,51
1003,1003,1,51
1004,1004,1,51
1005,1005,1,51
1006,1006,1,51
1007,1007,1,51
1008,1008,1,51
1009,1009,1,51
1010,1010,1,51
1011,1011,1,51
1012,1012,1,51
1013,1013,1,51
1014,1014,1,51
1015,1015,1,51
1016,1016,1,51
1017,1017,1,51
1018,1018,1,51
1019,1019,1,51
1020,1020,1,51
1021,1021,1,52
1022,1022,1,52
1023,1023,1,52
1024,1024,1,52
1025,1025,1,52
1026,1026,1,52
1027,1027,1,52
1028,1028,1,52
1029,1029,1,52
1030,1030,1,52
1031,1031,1,52
1032,1032,1,52
1033,1033,1,52
1034,1034,1,52
1035,1035,1,52
1036,1036,1,52
1037,1037,1,52
1038,1038,1,52
1039,1039,1,52
1040,1040,1,52
1041,1041,1,53
1042,1042,1,53
1043,1043,1,53
1044,1044,1,53
1045,1045,1,53
1046,1046,1,53
1047,1047,1,53
1048,1048,1,53
1049,1049,1,53
1050,1050,1,53
1051,1051,1,53
1052,1052,1,53
1053,1053,1,53
1054,1054,1,53
1055,1055,1,53
1056,1056,1,53
1057,1057,1,53
1058,1058,1,53
1059,1059,1,53
1060,1060,1,53
1061,1,2,1
1062,2,2,1
1063,3,2,1
1064,4,2,1
1065,5,2,1
1066,6,2,1
1067,7,2,1
1068,8,2,1
1069,9,2,1
1070,10,2,1
1071,11,2,1
1072,12,2,1
1073,13,2,1
1074,14,2,1
1075,15,2,1
1076,16,2,1
1077,17,2,1
1078,18,2,1
1079,19,2,1
1080,20,2,1
1081,21,2,2
1082,22,2,2
1083,23,2,2
1084,24,2,2
1085,25,2,2
1086,26,2,2
1087,27,2,2
1088,28,2,2
1089,29,2,2
1090,30,2,2
1091,31,2,2
1092,32,2,2
1093,33,2,2
1094,34,2,2
1095,35,2,2
1096,36,2,2
1097,37,2,2
1098,38,2,2
1099,39,2,2
1100,40,2,2
1101,41,2,3
1102,42,2,3
1103,43,2,3
1104,44,2,3
1105,45,2,3
1106,46,2,3
1107,47,2,3
1108,48,2,3
1109,49,2,3
1110,50,2,3
1111,51,2,3
1112,52,2,3
1113,53,2,3
1114,54,2,3
1115,55,2,3
1116,56,2,3
1117,57,2,3
1118,58,2,3
1119,59,2,3
1120,60,2,3
1121,61,2,4
1122,62,2,4
1123,63,2,4
1124,64,2,4
1125,65,2,4
1126,66,2,4
1127,67,2,4
1128,68,2,4
1129,69,2,4
1130,70,2,4
1131,71,2,4
1132,72,2,4
1133,73,2,4
1134,74,2,4
1135,75,2,4
1136,76,2,4
1137,77,2,4
1138,78,2,4
1139,79,2,4
1140,80,2,4
1141,81,2,5
1142,82,2,5
1143,83,2,5
1144,84,2,5
1145,85,2,5
1146,86,2,5
1147,87,2,5
1148,88,2,5
1149,89,2,5
1150,90,2,5
1151,91,2,5
1152,92,2,5
1153,93,2,5
1154,94,2,5
1155,95,2,5
1156,96,2,5
1157,97,2,5
1158,98,2,5
1159,99,2,5
1160,100,2,5
1161,101,2,6
1162,102,2,6
1163,103,2,6
1164,104,2,6
1165,105,2,6
1166,106,2,6
1167,107,2,6
1168,108,2,6
1169,109,2,6
1170,110,2,6
1171,111,2,6
1172,112,2,6
1173,113,2,6
1174,114,2,6
1175,115,2,6
1176,116,2,6
1177,117,2,6
1178,118,2,6
1179,119,2,6
1180,120,2,6
1181,121,2,7
1182,122,2,7
1183,123,2,7
1184,124,2,7
1185,125,2,7
1186,126,2,7
1187,127,2,7
1188,128,2,7
1189,129,2,7
1190,130,2,7
1191,131,2,7
1192,132,2,7
1193,133,2,7
1194,134,2,7
1195,135,2,7
1196,136,2,7
1197,137,2,7
1198,138,2,7
1199,139,2,7
1200,140,2,7
1201,141,2,8
1202,142,2,8
1203,143,2,8
1204,144,2,8
1205,145,2,8
1206,146,2,8
1207,147,2,8
1208,148,2,8
1209,149,2,8
1210,150,2,8
1211,151,2,8
1212,152,2,8
1213,153,2,8
1214,154,2,8
1215,155,2,8
1216,156,2,8
1217,157,2,8
1218,158,2,8
1219,159,2,8
1220,160,2,8
1221,161,2,9
1222,162,2,9
1223,163,2,9
1224,164,2,9
1225,165,2,9
1226,166,2,9
1227,167,2,9
1228,168,2,9
1229,169,2,9
1230,170,2,9
1231,171,2,9
1232,172,2,9
1233,173,2,9
1234,174,2,9
1235,175,2,9
1236,176,2,9
1237,177,2,9
1238,178,2,9
1239,179,2,9
1240,180,2,9
1241,181,2,10
1242,182,2,10
1243,183,2,10
1244,184,2,10
1245,185,2,10
1246,186,2,10
1247,187,2,10
1248,188,2,10
1249,189,2,10
1250,190,2,10
1251,191,2,10
1252,192,2,10
1253,193,2,10
1254,194,2,10
1255,195,2,10
1256,196,2,10
1257,197,2,10
1258,198,2,10
1259,199,2,10
1260,200,2,10
1261,201,2,11
1262,202,2,11
1263,203,2,11
1264,204,2,11
1265,205,2,11
1266,206,2,11
1267,207,2,11
1268,208,2,11
1269,209,2,11
1270,210,2,11
1271,211,2,11
1272,212,2,11
1273,213,2,11
1274,214,2,11
1275,215,2,11
1276,216,2,11
1277,217,2,11
1278,218,2,11
1279,219,2,11
1280,220,2,11
1281,221,2,12
1282,222,2,12
1283,223,2,12
1284,224,2,12
1285,225,2,12
1286,226,2,12
1287,227,2,12
1288,228,2,12
1289,229,2,12
1290,230,2,12
1291,231,2,12
1292,232,2,12
1293,233,2,12
1294,234,2,12
1295,235,2,12
1296,236,2,12
1297,237,2,12
1298,238,2,12
1299,239,2,12
1300,240,2,12
1301,241,2,13
1302,242,2,13
1303,243,2,13
1304,244,2,13
1305,245,2,13
1306,246,2,13
1307,247,2,13
1308,248,2,13
1309,249,2,13
1310,250,2,13
1311,251,2,13
1312,252,2,13
1313,253,2,13
1314,254,2,13
1315,255,2,13
1316,256,2,13
1317,257,2,13
1318,258,2,13
1319,259,2,13
1320,260,2,13
1321,261,2,14
1322,262,2,14
1323,263,2,14
1324,264,2,14
1325,265,2,14
1326,266,2,14
1327,267,2,14
1328,268,2,14
1329,269,2,14
1330,270,2,14
1331,271,2,14
1332,272,2,14
1333,273,2,14
1334,274,2,14
1335,275,2,14
1336,276,2,14
1337,277,2,14
1338,278,2,14
1339,279,2,14
1340,280,2,14
1341,281,2,15
1342,282,2,15
1343,283,2,15
1344,284,2,15
1345,285,2,15
1346,286,2,15
1347,287,2,15
1348,288,2,15
1349,289,2,15
1350,290,2,15
1351,291,2,15
1352,292,2,15
1353,293,2,15
1354,294,2,15
1355,295,2,15
1356,296,2,15
1357,297,2,15
1358,298,2,15
1359,299,2,15
1360,300,2,15
1361,301,2,16
1362,302,2,16
1363,303,2,16
1364,304,2,16
1365,305,2,16
1366,306,2,16
1367,307,2,16
1368,308,2,16
1369,309,2,16
1370,310,2,16
1371,311,2,16
1372,312,2,16
1373,313,2,16
1374,314,2,16
1375,315,2,16
1376,316,2,16
1377,317,2,16
1378,318,2,16
1379,319,2,16
1380,320,2,16
1381,321,2,17
1382,322,2,17
1383,323,2,17
1384,324,2,17
1385,325,2,17
1386,326,2,17
1387,327,2,17
1388,328,2,17
1389,329,2,17
1390,330,2,17
1391,331,2,17
1392,332,2,17
1393,333,2,17
1394,334,2,17
1395,335,2,17
1396,336,2,17
1397,337,2,17
1398,338,2,17
1399,339,2,17
1400,340,2,17
1401,341,2,18
1402,342,2,18
1403,343,2,18
1404,344,2,18
1405,345,2,18
1406,346,2,18
1407,347,2,18
1408,348,2,18
1409,349,2,18
1410,350,2,18
1411,351,2,18
1412,352,2,18
1413,353,2,18
1414,354,2,18
1415,355,2,18
1416,356,2,18
1417,357,2,18
1418,358,2,18
1419,359,2,18
1420,360,2,18
1421,361,2,19
1422,362,2,19
1423,363,2,19
1424,364,2,19
1425,365,2,19
1426,366,2,19
1427,367,2,19
1428,368,2,19
1429,369,2,19
1430,370,2,19
1431,371,2,19
1432,372,2,19
1433,373,2,19
1434,374,2,19
1435,375,2,19
1436,376,2,19
1437,377,2,19
1438,378,2,19
1439,379,2,19
1440,380,2,19
1441,381,2,20
1442,382,2,20
1443,383,2,20
1444,384,2,20
1445,385,2,20
1446,386,2,20
1447,387,2,20
1448,388,2,20
1449,389,2,20
1450,390,2,20
1451,391,2,20
1452,392,2,20
1453,393,2,20
1454,394,2,20
1455,395,2,20
1456,396,2,20
1457,397,2,20
1458,398,2,20
1459,399,2,20
1460,400,2,20
1461,401,2,21
1462,402,2,21
1463,403,2,21
1464,404,2,21
1465,405,2,21
1466,406,2,21
1467,407,2,21
1468,408,2,21
1469,409,2,21
1470,410,2,21
1471,411,2,21
1472,412,2,21
1473,413,2,21
1474,414,2,21
1475,415,2,21
1476,416,2,21
1477,417,2,21
1478,418,2,21
1479,419,2,21
1480,420,2,21
1481,421,2,22
1482,422,2,22
1483,423,2,22
1484,424,2,22
1485,425,2,22
1486,426,2,22
1487,427,2,22
1488,428,2,22
1489,429,2,22
1490,430,2,22
1491,431,2,22
1492,432,2,22
1493,433,2,22
1494,434,2,22
1495,435,2,22
1496,436,2,22
1497,437,2,22
1498,438,2,22
1499,439,2,22
1500,440,2,22
1501,441,2,23
1502,442,2,23
1503,443,2,23
1504,444,2,23
1505,445,2,23
1506,446,2,23
1507,447,2,23
1508,448,2,23
1509,449,2,23
1510,450,2,23
1511,451,2,23
1512,452,2,23
1513,453,2,23
1514,454,2,23
1515,455,2,23
1516,456,2,23
1517,457,2,23
1518,458,2,23
1519,459,2,23
1520,460,2,23
1521,461,2,24
1522,462,2,24
1523,463,2,24
1524,464,2,24
1525,465,2,24
1526,466,2,24
1527,467,2,24
1528,468,2,24
1529,469,2,24
1530,470,2,24
1531,471,2,24
1532,472,2,24
1533,473,2,24
1534,474,2,24
1535,475,2,24
1536,476,2,24
1537,477,2,24
1538,478,2,24
1539,479,2,24
1540,480,2,24
1541,481,2,25
1542,482,2,25
1543,483,2,25
1544,484,2,25
1545,485,2,25
1546,486,2,25
1547,487,2,25
1548,488,2,25
1549,489,2,25
1550,490,2,25
1551,491,2,25
1552,492,2,25
1553,493,2,25
1554,494,2,25
1555,495,2,25
1556,496,2,25
1557,497,2,25
1558,498,2,25
1559,499,2,25
1560,500,2,25
1561,501,2,26
1562,502,2,26
1563,503,2,26
1564,504,2,26
1565,505,2,26
1566,506,2,26
1567,507,2,26
1568,508,2,26
1569,509,2,26
1570,510,2,26
1571,511,2,26
1572,512,2,26
1573,513,2,26
1574,514,2,26
1575,515,2,26
1576,516,2,26
1577,517,2,26
1578,518,2,26
1579,519,2,26
1580,520,2,26
1581,521,2,27
1582,522,2,27
1583,523,2,27
1584,524,2,27
1585,525,2,27
1586,526,2,27
1587,527,2,27
1588,528,2,27
1589,529,2,27
1590,530,2,27
1591,531,2,27
1592,532,2,27
1593,533,2,27
1594,534,2,27
1595,535,2,27
1596,536,2,27
1597,537,2,27
1598,538,2,27
1599,539,2,27
1600,540,2,27
1601,541,2,28
1602,542,2,28
1603,543,2,28
1604,544,2,28
1605,545,2,28
1606,546,2,28
1607,547,2,28
1608,548,2,28
1609,549,2,28
1610,550,2,28
1611,551,2,28
1612,552,2,28
1613,553,2,28
1614,554,2,28
1615,555,2,28
1616,556,2,28
1617,557,2,28
1618,558,2,28
1619,559,2,28
1620,560,2,28
1621,561,2,29
1622,562,2,29
1623,563,2,29
1624,564,2,29
1625,565,2,29
1626,566,2,29
1627,567,2,29
1628,568,2,29
1629,569,2,29
1630,570,2,29
1631,571,2,29
1632,572,2,29
1633,573,2,29
1634,574,2,29
1635,575,2,29
1636,576,2,29
1637,577,2,29
1638,578,2,29
1639,579,2,29
1640,580,2,29
1641,581,2,30
1642,582,2,30
1643,583,2,30
1644,584,2,30
1645,585,2,30
1646,586,2,30
1647,587,2,30
1648,588,2,30
1649,589,2,30
1650,590,2,30
1651,591,2,30
1652,592,2,30
1653,593,2,30
1654,594,2,30
1655,595,2,30
1656,596,2,30
1657,597,2,30
1658,598,2,30
1659,599,2,30
1660,600,2,30
1661,601,2,31
1662,602,2,31
1663,603,2,31
1664,604,2,31
1665,605,2,31
1666,606,2,31
1667,607,2,31
1668,608,2,31
1669,609,2,31
1670,610,2,31
1671,611,2,31
1672,612,2,31
1673,613,2,31
1674,614,2,31
1675,615,2,31
1676,616,2,31
1677,617,2,31
1678,618,2,31
1679,619,2,31
1680,620,2,31
1681,621,2,32
1682,622,2,32
1683,623,2,32
1684,624,2,32
1685,625,2,32
1686,626,2,32
1687,627,2,32
1688,628,2,32
1689,629,2,32
1690,630,2,32
1691,631,2,32
1692,632,2,32
1693,633,2,32
1694,634,2,32
1695,635,2,32
1696,636,2,32
1697,637,2,32
1698,638,2,32
1699,639,2,32
1700,640,2,32
1701,641,2,33
1702,642,2,33
1703,643,2,33
1704,644,2,33
1705,645,2,33
1706,646,2,33
1707,647,2,33
1708,648,2,33
1709,649,2,33
1710,650,2,33
1711,651,2,33
1712,652,2,33
1713,653,2,33
1714,654,2,33
1715,655,2,33
1716,656,2,33
1717,657,2,33
1718,658,2,33
1719,659,2,33
1720,660,2,33
1721,661,2,34
1722,662,2,34
1723,663,2,34
1724,664,2,34
1725,665,2,34
1726,666,2,34
1727,667,2,34
1728,668,2,34
1729,669,2,34
1730,670,2,34
1731,671,2,34
1732,672,2,34
1733,673,2,34
1734,674,2,34
1735,675,2,34
1736,676,2,34
1737,677,2,34
1738,678,2,34
1739,679,2,34
1740,680,2,34
1741,681,2,35
1742,682,2,35
1743,683,2,35
1744,684,2,35
1745,685,2,35
1746,686,2,35
1747,687,2,35
1748,688,2,35
1749,689,2,35
1750,690,2,35
1751,691,2,35
1752,692,2,35
1753,693,2,35
1754,694,2,35
1755,695,2,35
1756,696,2,35
1757,697,2,35
1758,698,2,35
1759,699,2,35
1760,700,2,35
1761,701,2,36
1762,702,2,36
1763,703,2,36
1764,704,2,36
1765,705,2,36
1766,706,2,36
1767,707,2,36
1768,708,2,36
1769,709,2,36
1770,710,2,36
1771,711,2,36
1772,712,2,36
1773,713,2,36
1774,714,2,36
1775,715,2,36
1776,716,2,36
1777,717,2,36
1778,718,2,36
1779,719,2,36
1780,720,2,36
1781,721,2,37
1782,722,2,37
1783,723,2,37
1784,724,2,37
1785,725,2,37
1786,726,2,37
1787,727,2,37
1788,728,2,37
1789,729,2,37
1790,730,2,37
1791,731,2,37
1792,732,2,37
1793,733,2,37
1794,734,2,37
1795,735,2,37
1796,736,2,37
1797,737,2,37
1798,738,2,37
1799,739,2,37
1800,740,2,37
1801,741,2,38
1802,742,2,38
1803,743,2,38
1804,744,2,38
1805,745,2,38
1806,746,2,38
1807,747,2,38
1808,748,2,38
1809,749,2,38
1810,750,2,38
1811,751,2,38
1812,752,2,38
1813,753,2,38
1814,754,2,38
1815,755,2,38
1816,756,2,38
1817,757,2,38
1818,758,2,38
1819,759,2,38
1820,760,2,38
1821,761,2,39
1822,762,2,39
1823,763,2,39
1824,764,2,39
1825,765,2,39
1826,766,2,39
1827,767,2,39
1828,768,2,39
1829,769,2,39
1830,770,2,39
1831,771,2,39
1832,772,2,39
1833,773,2,39
1834,774,2,39
1835,775,2,39
1836,776,2,39
1837,777,2,39
1838,778,2,39
1839,779,2,39
1840,780,2,39
1841,781,2,40
1842,782,2,40
1843,783,2,40
1844,784,2,40
1845,785,2,40
1846,786,2,40
1847,787,2,40
1848,788,2,40
1849,789,2,40
1850,790,2,40
1851,791,2,40
1852,792,2,40
1853,793,2,40
1854,794,2,40
1855,795,2,40
1856,796,2,40
1857,797,2,40
1858,798,2,40
1859,799,2,40
1860,800,2,40
1861,801,2,41
1862,802,2,41
1863,803,2,41
1864,804,2,41
1865,805,2,41
1866,806,2,41
1867,807,2,41
1868,808,2,41
1869,809,2,41
1870,810,2,41
1871,811,2,41
1872,812,2,41
1873,813,2,41
1874,814,2,41
1875,815,2,41
1876,816,2,41
1877,817,2,41
1878,818,2,41
1879,819,2,41
1880,820,2,41
1881,821,2,42
1882,822,2,42
1883,823,2,42
1884,824,2,42
1885,825,2,42
1886,826,2,42
1887,827,2,42
1888,828,2,42
1889,829,2,42
1890,830,2,42
1891,831,2,42
1892,832,2,42
1893,833,2,42
1894,834,2,42
1895,835,2,42
1896,836,2,42
1897,837,2,42
1898,838,2,42
1899,839,2,42
1900,840,2,42
1901,841,2,43
1902,842,2,43
1903,843,2,43
1904,844,2,43
1905,845,2,43
1906,846,2,43
1907,847,2,43
1908,848,2,43
1909,849,2,43
1910,850,2,43
1911,851,2,43
1912,852,2,43
1913,853,2,43
1914,854,2,43
1915,855,2,43
1916,856,2,43
1917,857,2,43
1918,858,2,43
1919,859,2,43
1920,860,2,43
1921,861,2,44
1922,862,2,44
1923,863,2,44
1924,864,2,44
1925,865,2,44
1926,866,2,44
1927,867,2,44
1928,868,2,44
1929,869,2,44
1930,870,2,44
1931,871,2,44
1932,872,2,44
1933,873,2,44
1934,874,2,44
1935,875,2,44
1936,876,2,44
1937,877,2,44
1938,878,2,44
1939,879,2,44
1940,880,2,44
1941,881,2,45
1942,882,2,45
1943,883,2,45
1944,884,2,45
1945,885,2,45
1946,886,2,45
1947,887,2,45
1948,888,2,45
1949,889,2,45
1950,890,2,45
1951,891,2,45
1952,892,2,45
1953,893,2,45
1954,894,2,45
1955,895,2,45
1956,896,2,45
1957,897,2,45
1958,898,2,45
1959,899,2,45
1960,900,2,45
1961,901,2,46
1962,902,2,46
1963,903,2,46
1964,904,2,46
1965,905,2,46
1966,906,2,46
1967,907,2,46
1968,908,2,46
1969,909,2,46
1970,910,2,46
1971,911,2,46
1972,912,2,46
1973,913,2,46
1974,914,2,46
1975,915,2,46
1976,916,2,46
1977,917,2,46
1978,918,2,46
1979,919,2,46
1980,920,2,46
1981,921,2,47
1982,922,2,47
1983,923,2,47
1984,924,2,47
1985,925,2,47
1986,926,2,47
1987,927,2,47
1988,928,2,47
1989,929,2,47
1990,930,2,47
1991,931,2,47
1992,932,2,47
1993,933,2,47
1994,934,2,47
1995,935,2,47
1996,936,2,47
1997,937,2,47
1998,938,2,47
1999,939,2,47
2000,940,2,47
2001,941,2,48
2002,942,2,48
2003,943,2,48
2004,944,2,48
2005,945,2,48
2006,946,2,48
2007,947,2,48
2008,948,2,48
2009,949,2,48
2010,950,2,48
2011,951,2,48
2012,952,2,48
2013,953,2,48
2014,954,2,48
2015,955,2,48
2016,956,2,48
2017,957,2,48
2018,958,2,48
2019,959,2,48
2020,960,2,48
2021,961,2,49
2022,962,2,49
2023,963,2,49
2024,964,2,49
2025,965,2,49
2026,966,2,49
2027,967,2,49
2028,968,2,49
2029,969,2,49
2030,970,2,49
2031,971,2,49
2032,972,2,49
2033,973,2,49
2034,974,2,49
2035,975,2,49
2036,976,2,49
2037,977,2,49
2038,978,2,49
2039,979,2,49
2040,980,2,49
2041,981,2,50
2042,982,2,50
2043,983,2,50
2044,984,2,50
2045,985,2,50
2046,986,2,50
2047,987,2,50
2048,988,2,50
2049,989,2,50
2050,990,2,50
2051,991,2,50
2052,992,2,50
2053,993,2,50
2054,994,2,50
2055,995,2,50
2056,996,2,50
2057,997,2,50
2058,998,2,50
2059,999,2,50
2060,1000,2,50
2061,1001,2,51
2062,1002,2,51
2063,1003,2,51
2064,1004,2,51
2065,1005,2,51
2066,1006,2,51
2067,1007,2,51
2068,1008,2,51
2069,1009,2,51
2070,1010,2,51
2071,1011,2,51
2072,1012,2,51
2073,1013,2,51
2074,1014,2,51
2075,1015,2,51
2076,1016,2,51
2077,1017,2,51
2078,1018,2,51
2079,1019,2,51
2080,1020,2,51
2081,1021,2,52
2082,1022,2,52
2083,1023,2,52
2084,1024,2,52
2085,1025,2,52
2086,1026,2,52
2087,1027,2,52
2088,1028,2,52
2089,1029,2,52
2090,1030,2,52
2091,1031,2,52
2092,1032,2,52
2093,1033,2,52
2094,1034,2,52
2095,1035,2,52
2096,1036,2,52
2097,1037,2,52
2098,1038,2,52
2099,1039,2,52
2100,1040,2,52
2101,1041,2,53
2102,1042,2,53
2103,1043,2,53
2104,1044,2,53
2105,1045,2,53
2106,1046,2,53
2107,1047,2,53
2108,1048,2,53
2109,1049,2,53
2110,1050,2,53
2111,1051,2,53
2112,1052,2,53
2113,1053,2,53
2114,1054,2,53
2115,1055,2,53
2116,1056,2,53
2117,1057,2,53
2118,1058,2,53
2119,1059,2,53
2120,1060,2,53
2121,1,3,1
2122,2,3,1
2123,3,3,1
2124,4,3,1
2125,5,3,1
2126,6,3,1
2127,7,3,1
2128,8,3,1
2129,9,3,1
2130,10,3,1
2131,11,3,1
2132,12,3,1
2133,13,3,1
2134,14,3,1
2135,15,3,1
2136,16,3,1
2137,17,3,1
2138,18,3,1
2139,19,3,1
2140,20,3,1
2141,21,3,2
2142,22,3,2
2143,23,3,2
2144,24,3,2
2145,25,3,2
2146,26,3,2
2147,27,3,2
2148,28,3,2
2149,29,3,2
2150,30,3,2
2151,31,3,2
2152,32,3,2
2153,33,3,2
2154,34,3,2
2155,35,3,2
2156,36,3,2
2157,37,3,2
2158,38,3,2
2159,39,3,2
2160,40,3,2
2161,41,3,3
2162,42,3,3
2163,43,3,3
2164,44,3,3
2165,45,3,3
2166,46,3,3
2167,47,3,3
2168,48,3,3
2169,49,3,3
2170,50,3,3
2171,51,3,3
2172,52,3,3
2173,53,3,3
2174,54,3,3
2175,55,3,3
2176,56,3,3
2177,57,3,3
2178,58,3,3
2179,59,3,3
2180,60,3,3
2181,61,3,4
2182,62,3,4
2183,63,3,4
2184,64,3,4
2185,65,3,4
2186,66,3,4
2187,67,3,4
2188,68,3,4
2189,69,3,4
2190,70,3,4
2191,71,3,4
2192,72,3,4
2193,73,3,4
2194,74,3,4
2195,75,3,4
2196,76,3,4
2197,77,3,4
2198,78,3,4
2199,79,3,4
2200,80,3,4
2201,81,3,5
2202,82,3,5
2203,83,3,5
2204,84,3,5
2205,85,3,5
2206,86,3,5
2207,87,3,5
2208,88,3,5
2209,89,3,5
2210,90,3,5
2211,91,3,5
2212,92,3,5
2213,93,3,5
2214,94,3,5
2215,95,3,5
2216,96,3,5
2217,97,3,5
2218,98,3,5
2219,99,3,5
2220,100,3,5
2221,101,3,6
2222,102,3,6
2223,103,3,6
2224,104,3,6
2225,105,3,6
2226,106,3,6
2227,107,3,6
2228,108,3,6
2229,109,3,6
2230,110,3,6
2231,111,3,6
2232,112,3,6
2233,113,3,6
2234,114,3,6
2235,115,3,6
2236,116,3,6
2237,117,3,6
2238,118,3,6
2239,119,3,6
2240,120,3,6
2241,121,3,7
2242,122,3,7
2243,123,3,7
2244,124,3,7
2245,125,3,7
2246,126,3,7
2247,127,3,7
2248,128,3,7
2249,129,3,7
2250,130,3,7
2251,131,3,7
2252,132,3,7
2253,133,3,7
2254,134,3,7
2255,135,3,7
2256,136,3,7
2257,137,3,7
2258,138,3,7
2259,139,3,7
2260,140,3,7
2261,141,3,8
2262,142,3,8
2263,143,3,8
2264,144,3,8
2265,145,3,8
2266,146,3,8
2267,147,3,8
2268,148,3,8
2269,149,3,8
2270,150,3,8
2271,151,3,8
2272,152,3,8
2273,153,3,8
2274,154,3,8
2275,155,3,8
2276,156,3,8
2277,157,3,8
2278,158,3,8
2279,159,3,8
2280,160,3,8
2281,161,3,9
2282,162,3,9
2283,163,3,9
2284,164,3,9
2285,165,3,9
2286,166,3,9
2287,167,3,9
2288,168,3,9
2289,169,3,9
2290,170,3,9
2291,171,3,9
2292,172,3,9
2293,173,3,9
2294,174,3,9
2295,175,3,9
2296,176,3,9
2297,177,3,9
2298,178,3,9
2299,179,3,9
2300,180,3,9
2301,181,3,10
2302,182,3,10
2303,183,3,10
2304,184,3,10
2305,185,3,10
2306,186,3,10
2307,187,3,10
2308,188,3,10
2309,189,3,10
2310,190,3,10
2311,191,3,10
2312,192,3,10
2313,193,3,10
2314,194,3,10
2315,195,3,10
2316,196,3,10
2317,197,3,10
2318,198,3,10
2319,199,3,10
2320,200,3,10
2321,201,3,11
2322,202,3,11
2323,203,3,11
2324,204,3,11
2325,205,3,11
2326,206,3,11
2327,207,3,11
2328,208,3,11
2329,209,3,11
2330,210,3,11
2331,211,3,11
2332,212,3,11
2333,213,3,11
2334,214,3,11
2335,215,3,11
2336,216,3,11
2337,217,3,11
2338,218,3,11
2339,219,3,11
2340,220,3,11
2341,221,3,12
2342,222,3,12
2343,223,3,12
2344,224,3,12
2345,225,3,12
2346,226,3,12
2347,227,3,12
2348,228,3,12
2349,229,3,12
2350,230,3,12
2351,231,3,12
2352,232,3,12
2353,233,3,12
2354,234,3,12
2355,235,3,12
2356,236,3,12
2357,237,3,12
2358,238,3,12
2359,239,3,12
2360,240,3,12
2361,241,3,13
2362,242,3,13
2363,243,3,13
2364,244,3,13
2365,245,3,13
2366,246,3,13
2367,247,3,13
2368,248,3,13
2369,249,3,13
2370,250,3,13
2371,251,3,13
2372,252,3,13
2373,253,3,13
2374,254,3,13
2375,255,3,13
2376,256,3,13
2377,257,3,13
2378,258,3,13
2379,259,3,13
2380,260,3,13
2381,261,3,14
2382,262,3,14
2383,263,3,14
2384,264,3,14
2385,265,3,14
2386,266,3,14
2387,267,3,14
2388,268,3,14
2389,269,3,14
2390,270,3,14
2391,271,3,14
2392,272,3,14
2393,273,3,14
2394,274,3,14
2395,275,3,14
2396,276,3,14
2397,277,3,14
2398,278,3,14
2399,279,3,14
2400,280,3,14
2401,281,3,15
2402,282,3,15
2403,283,3,15
2404,284,3,15
2405,285,3,15
2406,286,3,15
2407,287,3,15
2408,288,3,15
2409,289,3,15
2410,290,3,15
2411,291,3,15
2412,292,3,15
2413,293,3,15
2414,294,3,15
2415,295,3,15
2416,296,3,15
2417,297,3,15
2418,298,3,15
2419,299,3,15
2420,300,3,15
2421,301,3,16
2422,302,3,16
2423,303,3,16
2424,304,3,16
2425,305,3,16
2426,306,3,16
2427,307,3,16
2428,308,3,16
2429,309,3,16
2430,310,3,16
2431,311,3,16
2432,312,3,16
2433,313,3,16
2434,314,3,16
2435,315,3,16
2436,316,3,16
2437,317,3,16
2438,318,3,16
2439,319,3,16
2440,320,3,16
2441,321,3,17
2442,322,3,17
2443,323,3,17
2444,324,3,17
2445,325,3,17
2446,326,3,17
2447,327,3,17
2448,328,3,17
2449,329,3,17
2450,330,3,17
2451,331,3,17
2452,332,3,17
2453,333,3,17
2454,334,3,17
2455,335,3,17
2456,336,3,17
2457,337,3,17
2458,338,3,17
2459,339,3,17
2460,340,3,17
2461,341,3,18
2462,342,3,18
2463,343,3,18
2464,344,3,18
2465,345,3,18
2466,346,3,18
2467,347,3,18
2468,348,3,18
2469,349,3,18
2470,350,3,18
2471,351,3,18
2472,352,3,18
2473,353,3,18
2474,354,3,18
2475,355,3,18
2476,356,3,18
2477,357,3,18
2478,358,3,18
2479,359,3,18
2480,360,3,18
2481,361,3,19
2482,362,3,19
2483,363,3,19
2484,364,3,19
2485,365,3,19
2486,366,3,19
2487,367,3,19
2488,368,3,19
2489,369,3,19
2490,370,3,19
2491,371,3,19
2492,372,3,19
2493,373,3,19
2494,374,3,19
2495,375,3,19
2496,376,3,19
2497,377,3,19
2498,378,3,19
2499,379,3,19
2500,380,3,19
2501,381,3,20
2502,382,3,20
2503,383,3,20
2504,384,3,20
2505,385,3,20
2506,386,3,20
2507,387,3,20
2508,388,3,20
2509,389,3,20
2510,390,3,20
2511,391,3,20
2512,392,3,20
2513,393,3,20
2514,394,3,20
2515,395,3,20
2516,396,3,20
2517,397,3,20
2518,398,3,20
2519,399,3,20
2520,400,3,20
2521,401,3,21
2522,402,3,21
2523,403,3,21
2524,404,3,21
2525,405,3,21
2526,406,3,21
2527,407,3,21
2528,408,3,21
2529,409,3,21
2530,410,3,21
2531,411,3,21
2532,412,3,21
2533,413,3,21
2534,414,3,21
2535,415,3,21
2536,416,3,21
2537,417,3,21
2538,418,3,21
2539,419,3,21
2540,420,3,21
2541,421,3,22
2542,422,3,22
2543,423,3,22
2544,424,3,22
2545,425,3,22
2546,426,3,22
2547,427,3,22
2548,428,3,22
2549,429,3,22
2550,430,3,22
2551,431,3,22
2552,432,3,22
2553,433,3,22
2554,434,3,22
2555,435,3,22
2556,436,3,22
2557,437,3,22
2558,438,3,22
2559,439,3,22
2560,440,3,22
2561,441,3,23
2562,442,3,23
2563,443,3,23
2564,444,3,23
2565,445,3,23
2566,446,3,23
2567,447,3,23
2568,448,3,23
2569,449,3,23
2570,450,3,23
2571,451,3,23
2572,452,3,23
2573,453,3,23
2574,454,3,23
2575,455,3,23
2576,456,3,23
2577,457,3,23
2578,458,3,23
2579,459,3,23
2580,460,3,23
2581,461,3,24
2582,462,3,24
2583,463,3,24
2584,464,3,24
2585,465,3,24
2586,466,3,24
2587,467,3,24
2588,468,3,24
2589,469,3,24
2590,470,3,24
2591,471,3,24
2592,472,3,24
2593,473,3,24
2594,474,3,24
2595,475,3,24
2596,476,3,24
2597,477,3,24
2598,478,3,24
2599,479,3,24
2600,480,3,24
2601,481,3,25
2602,482,3,25
2603,483,3,25
2604,484,3,25
2605,485,3,25
2606,486,3,25
2607,487,3,25
2608,488,3,25
2609,489,3,25
2610,490,3,25
2611,491,3,25
2612,492,3,25
2613,493,3,25
2614,494,3,25
2615,495,3,25
2616,496,3,25
2617,497,3,25
2618,498,3,25
2619,499,3,25
2620,500,3,25
2621,501,3,26
2622,502,3,26
2623,503,3,26
2624,504,3,26
2625,505,3,26
2626,506,3,26
2627,507,3,26
2628,508,3,26
2629,509,3,26
2630,510,3,26
2631,511,3,26
2632,512,3,26
2633,513,3,26
2634,514,3,26
2635,515,3,26
2636,516,3,26
2637,517,3,26
2638,518,3,26
2639,519,3,26
2640,520,3,26
2641,521,3,27
2642,522,3,27
2643,523,3,27
2644,524,3,27
2645,525,3,27
2646,526,3,27
2647,527,3,27
2648,528,3,27
2649,529,3,27
2650,530,3,27
2651,531,3,27
2652,532,3,27
2653,533,3,27
2654,534,3,27
2655,535,3,27
2656,536,3,27
2657,537,3,27
2658,538,3,27
2659,539,3,27
2660,540,3,27
2661,541,3,28
2662,542,3,28
2663,543,3,28
2664,544,3,28
2665,545,3,28
2666,546,3,28
2667,547,3,28
2668,548,3,28
2669,549,3,28
2670,550,3,28
2671,551,3,28
2672,552,3,28
2673,553,3,28
2674,554,3,28
2675,555,3,28
2676,556,3,28
2677,557,3,28
2678,558,3,28
2679,559,3,28
2680,560,3,28
2681,561,3,29
2682,562,3,29
2683,563,3,29
2684,564,3,29
2685,565,3,29
2686,566,3,29
2687,567,3,29
2688,568,3,29
2689,569,3,29
2690,570,3,29
2691,571,3,29
2692,572,3,29
2693,573,3,29
2694,574,3,29
2695,575,3,29
2696,576,3,29
2697,577,3,29
2698,578,3,29
2699,579,3,29
2700,580,3,29
2701,581,3,30
2702,582,3,30
2703,583,3,30
2704,584,3,30
2705,585,3,30
2706,586,3,30
2707,587,3,30
2708,588,3,30
2709,589,3,30
2710,590,3,30
2711,591,3,30
2712,592,3,30
2713,593,3,30
2714,594,3,30
2715,595,3,30
2716,596,3,30
2717,597,3,30
2718,598,3,30
2719,599,3,30
2720,600,3,30
2721,601,3,31
2722,602,3,31
2723,603,3,31
2724,604,3,31
2725,605,3,31
2726,606,3,31
2727,607,3,31
2728,608,3,31
2729,609,3,31
2730,610,3,31
2731,611,3,31
2732,612,3,31
2733,613,3,31
2734,614,3,31
2735,615,3,31
2736,616,3,31
2737,617,3,31
2738,618,3,31
2739,619,3,31
2740,620,3,31
2741,621,3,32
2742,622,3,32
2743,623,3,32
2744,624,3,32
2745,625,3,32
2746,626,3,32
2747,627,3,32
2748,628,3,32
2749,629,3,32
2750,630,3,32
2751,631,3,32
2752,632,3,32
2753,633,3,32
2754,634,3,32
2755,635,3,32
2756,636,3,32
2757,637,3,32
2758,638,3,32
2759,639,3,32
2760,640,3,32
2761,641,3,33
2762,642,3,33
2763,643,3,33
2764,644,3,33
2765,645,3,33
2766,646,3,33
2767,647,3,33
2768,648,3,33
2769,649,3,33
2770,650,3,33
2771,651,3,33
2772,652,3,33
2773,653,3,33
2774,654,3,33
2775,655,3,33
2776,656,3,33
2777,657,3,33
2778,658,3,33
2779,659,3,33
2780,660,3,33
2781,661,3,34
2782,662,3,34
2783,663,3,34
2784,664,3,34
2785,665,3,34
2786,666,3,34
2787,667,3,34
2788,668,3,34
2789,669,3,34
2790,670,3,34
2791,671,3,34
2792,672,3,34
2793,673,3,34
2794,674,3,34
2795,675,3,34
2796,676,3,34
2797,677,3,34
2798,678,3,34
2799,679,3,34
2800,680,3,34
2801,681,3,35
2802,682,3,35
2803,683,3,35
2804,684,3,35
2805,685,3,35
2806,686,3,35
2807,687,3,35
2808,688,3,35
2809,689,3,35
2810,690,3,35
2811,691,3,35
2812,692,3,35
2813,693,3,35
2814,694,3,35
2815,695,3,35
2816,696,3,35
2817,697,3,35
2818,698,3,35
2819,699,3,35
2820,700,3,35
2821,701,3,36
2822,702,3,36
2823,703,3,36
2824,704,3,36
2825,705,3,36
2826,706,3,36
2827,707,3,36
2828,708,3,36
2829,709,3,36
2830,710,3,36
2831,711,3,36
2832,712,3,36
2833,713,3,36
2834,714,3,36
2835,715,3,36
2836,716,3,36
2837,717,3,36
2838,718,3,36
2839,719,3,36
2840,720,3,36
2841,721,3,37
2842,722,3,37
2843,723,3,37
2844,724,3,37
2845,725,3,37
2846,726,3,37
2847,727,3,37
2848,728,3,37
2849,729,3,37
2850,730,3,37
2851,731,3,37
2852,732,3,37
2853,733,3,37
2854,734,3,37
2855,735,3,37
2856,736,3,37
2857,737,3,37
2858,738,3,37
2859,739,3,37
2860,740,3,37
2861,741,3,38
2862,742,3,38
2863,743,3,38
2864,744,3,38
2865,745,3,38
2866,746,3,38
2867,747,3,38
2868,748,3,38
2869,749,3,38
2870,750,3,38
2871,751,3,38
2872,752,3,38
2873,753,3,38
2874,754,3,38
2875,755,3,38
2876,756,3,38
2877,757,3,38
2878,758,3,38
2879,759,3,38
2880,760,3,38
2881,761,3,39
2882,762,3,39
2883,763,3,39
2884,764,3,39
2885,765,3,39
2886,766,3,39
2887,767,3,39
2888,768,3,39
2889,769,3,39
2890,770,3,39
2891,771,3,39
2892,772,3,39
2893,773,3,39
2894,774,3,39
2895,775,3,39
2896,776,3,39
2897,777,3,39
2898,778,3,39
2899,779,3,39
2900,780,3,39
2901,781,3,40
2902,782,3,40
2903,783,3,40
2904,784,3,40
2905,785,3,40
2906,786,3,40
2907,787,3,40
2908,788,3,40
2909,789,3,40
2910,790,3,40
2911,791,3,40
2912,792,3,40
2913,793,3,40
2914,794,3,40
2915,795,3,40
2916,796,3,40
2917,797,3,40
2918,798,3,40
2919,799,3,40
2920,800,3,40
2921,801,3,41
2922,802,3,41
2923,803,3,41
2924,804,3,41
2925,805,3,41
2926,806,3,41
2927,807,3,41
2928,808,3,41
2929,809,3,41
2930,810,3,41
2931,811,3,41
2932,812,3,41
2933,813,3,41
2934,814,3,41
2935,815,3,41
2936,816,3,41
2937,817,3,41
2938,818,3,41
2939,819,3,41
2940,820,3,41
2941,821,3,42
2942,822,3,42
2943,823,3,42
2944,824,3,42
2945,825,3,42
2946,826,3,42
2947,827,3,42
2948,828,3,42
2949,829,3,42
2950,830,3,42
2951,831,3,42
2952,832,3,42
2953,833,3,42
2954,834,3,42
2955,835,3,42
2956,836,3,42
2957,837,3,42
2958,838,3,42
2959,839,3,42
2960,840,3,42
2961,841,3,43
2962,842,3,43
2963,843,3,43
2964,844,3,43
2965,845,3,43
2966,846,3,43
2967,847,3,43
2968,848,3,43
2969,849,3,43
2970,850,3,43
2971,851,3,43
2972,852,3,43
2973,853,3,43
2974,854,3,43
2975,855,3,43
2976,856,3,43
2977,857,3,43
2978,858,3,43
2979,859,3,43
2980,860,3,43
2981,861,3,44
2982,862,3,44
2983,863,3,44
2984,864,3,44
2985,865,3,44
2986,866,3,44
2987,867,3,44
2988,868,3,44
2989,869,3,44
2990,870,3,44
2991,871,3,44
2992,872,3,44
2993,873,3,44
2994,874,3,44
2995,875,3,44
2996,876,3,44
2997,877,3,44
2998,878,3,44
2999,879,3,44
3000,880,3,44
3001,881,3,45
3002,882,3,45
3003,883,3,45
3004,884,3,45
3005,885,3,45
3006,886,3,45
3007,887,3,45
3008,888,3,45
3009,889,3,45
3010,890,3,45
3011,891,3,45
3012,892,3,45
3013,893,3,45
3014,894,3,45
3015,895,3,45
3016,896,3,45
3017,897,3,45
3018,898,3,45
3019,899,3,45
3020,900,3,45
3021,901,3,46
3022,902,3,46
3023,903,3,46
3024,904,3,46
3025,905,3,46
3026,906,3,46
3027,907,3,46
3028,908,3,46
3029,909,3,46
3030,910,3,46
3031,911,3,46
3032,912,3,46
3033,913,3,46
3034,914,3,46
3035,915,3,46
3036,916,3,46
3037,917,3,46
3038,918,3,46
3039,919,3,46
3040,920,3,46
3041,921,3,47
3042,922,3,47
3043,923,3,47
3044,924,3,47
3045,925,3,47
3046,926,3,47
3047,927,3,47
3048,928,3,47
3049,929,3,47
3050,930,3,47
3051,931,3,47
3052,932,3,47
3053,933,3,47
3054,934,3,47
3055,935,3,47
3056,936,3,47
3057,937,3,47
3058,938,3,47
3059,939,3,47
3060,940,3,47
3061,941,3,48
3062,942,3,48
3063,943,3,48
3064,944,3,48
3065,945,3,48
3066,946,3,48
3067,947,3,48
3068,948,3,48
3069,949,3,48
3070,950,3,48
3071,951,3,48
3072,952,3,48
3073,953,3,48
3074,954,3,48
3075,955,3,48
3076,956,3,48
3077,957,3,48
3078,958,3,48
3079,959,3,48
3080,960,3,48
3081,961,3,49
3082,962,3,49
3083,963,3,49
3084,964,3,49
3085,965,3,49
3086,966,3,49
3087,967,3,49
3088,968,3,49
3089,969,3,49
3090,970,3,49
3091,971,3,49
3092,972,3,49
3093,973,3,49
3094,974,3,49
3095,975,3,49
3096,976,3,49
3097,977,3,49
3098,978,3,49
3099,979,3,49
3100,980,3,49
3101,981,3,50
3102,982,3,50
3103,983,3,50
3104,984,3,50
3105,985,3,50
3106,986,3,50
3107,987,3,50
3108,988,3,50
3109,989,3,50
3110,990,3,50
3111,991,3,50
3112,992,3,50
3113,993,3,50
3114,994,3,50
3115,995,3,50
3116,996,3,50
3117,997,3,50
3118,998,3,50
3119,999,3,50
3120,1000,3,50
3121,1001,3,51
3122,1002,3,51
3123,1003,3,51
3124,1004,3,51
3125,1005,3,51
3126,1006,3,51
3127,1007,3,51
3128,1008,3,51
3129,1009,3,51
3130,1010,3,51
3131,1011,3,51
3132,1012,3,51
3133,1013,3,51
3134,1014,3,51
3135,1015,3,51
3136,1016,3,51
3137,1017,3,51
3138,1018,3,51
3139,1019,3,51
3140,1020,3,51
3141,1021,3,52
3142,1022,3,52
3143,1023,3,52
3144,1024,3,52
3145,1025,3,52
3146,1026,3,52
3147,1027,3,52
3148,1028,3,52
3149,1029,3,52
3150,1030,3,52
3151,1031,3,52
3152,1032,3,52
3153,1033,3,52
3154,1034,3,52
3155,1035,3,52
3156,1036,3,52
3157,1037,3,52
3158,1038,3,52
3159,1039,3,52
3160,1040,3,52
3161,1041,3,53
3162,1042,3,53
3163,1043,3,53
3164,1044,3,53
3165,1045,3,53
3166,1046,3,53
3167,1047,3,53
3168,1048,3,53
3169,1049,3,53
3170,1050,3,53
3171,1051,3,53
3172,1052,3,53
3173,1053,3,53
3174,1054,3,53
3175,1055,3,53
3176,1056,3,53
3177,1057,3,53
3178,1058,3,53
3179,1059,3,53
3180,1060,3,53
